alpha,beta,norm_hs,norm_ps,norm_md,total_norm_score,status
0.000000,0.000000,0.000000,0.375000,1.000000,0.000000,success
0.000000,0.100000,0.000000,0.375000,1.000000,0.100000,success
0.000000,0.200000,0.000000,0.375000,1.000000,0.200000,success
0.000000,0.300000,0.114300,0.333300,0.600000,0.294300,success
0.000000,0.400000,0.114300,0.333300,0.600000,0.354300,success
0.000000,0.500000,0.114300,0.333300,0.600000,0.414300,success
0.000000,0.600000,0.114300,0.333300,0.600000,0.474300,success
0.000000,0.700000,0.371400,0.125000,0.200000,0.511400,success
0.000000,0.800000,0.371400,0.083300,0.200000,0.531400,success
0.000000,0.900000,0.371400,0.083300,0.200000,0.551400,success
0.000000,1.000000,0.371400,0.083300,0.200000,0.571400,success
0.000000,1.100000,0.371400,0.083300,0.200000,0.591400,success
0.000000,1.200000,0.371400,0.083300,0.200000,0.611400,success
0.000000,1.300000,0.371400,0.083300,0.200000,0.631400,success
0.000000,1.400000,0.371400,0.166700,0.200000,0.651400,success
0.000000,1.500000,0.371400,0.000000,0.200000,0.671400,success
0.000000,1.600000,0.371400,0.166700,0.200000,0.691400,success
0.000000,1.700000,0.371400,0.083300,0.200000,0.711400,success
0.000000,1.800000,0.371400,0.083300,0.200000,0.731400,success
0.000000,1.900000,0.371400,0.083300,0.200000,0.751400,success
0.000000,2.000000,0.371400,0.166700,0.200000,0.771400,success
0.100000,0.000000,0.000000,0.375000,1.000000,0.037500,success
0.100000,0.100000,0.000000,0.375000,1.000000,0.137500,success
0.100000,0.200000,0.000000,0.375000,1.000000,0.237500,success
0.100000,0.300000,0.114300,0.333300,0.600000,0.327630,success
0.100000,0.400000,0.114300,0.333300,0.600000,0.387630,success
0.100000,0.500000,0.114300,0.333300,0.600000,0.447630,success
0.100000,0.600000,0.371400,0.000000,0.200000,0.491400,success
0.100000,0.700000,0.371400,0.000000,0.200000,0.511400,success
0.100000,0.800000,0.371400,0.000000,0.200000,0.531400,success
0.100000,0.900000,0.371400,0.000000,0.200000,0.551400,success
0.100000,1.000000,0.371400,0.000000,0.200000,0.571400,success
0.100000,1.100000,0.371400,0.000000,0.200000,0.591400,success
0.100000,1.200000,0.371400,0.000000,0.200000,0.611400,success
0.100000,1.300000,0.371400,0.000000,0.200000,0.631400,success
0.100000,1.400000,0.371400,0.000000,0.200000,0.651400,success
0.100000,1.500000,0.371400,0.000000,0.200000,0.671400,success
0.100000,1.600000,0.371400,0.000000,0.200000,0.691400,success
0.100000,1.700000,0.371400,0.041700,0.200000,0.715570,success
0.100000,1.800000,0.371400,0.000000,0.200000,0.731400,success
0.100000,1.900000,0.371400,0.000000,0.200000,0.751400,success
0.100000,2.000000,0.371400,0.000000,0.200000,0.771400,success
0.200000,0.000000,0.000000,0.375000,1.000000,0.075000,success
0.200000,0.100000,0.000000,0.375000,1.000000,0.175000,success
0.200000,0.200000,0.000000,0.375000,1.000000,0.275000,success
0.200000,0.300000,0.142900,0.125000,0.600000,0.347900,success
0.200000,0.400000,0.142900,0.166700,0.600000,0.416240,success
0.200000,0.500000,0.371400,0.000000,0.200000,0.471400,success
0.200000,0.600000,0.371400,0.000000,0.200000,0.491400,success
0.200000,0.700000,0.371400,0.000000,0.200000,0.511400,success
0.200000,0.800000,0.371400,0.000000,0.200000,0.531400,success
0.200000,0.900000,0.371400,0.000000,0.200000,0.551400,success
0.200000,1.000000,0.371400,0.000000,0.200000,0.571400,success
0.200000,1.100000,0.371400,0.000000,0.200000,0.591400,success
0.200000,1.200000,0.371400,0.000000,0.200000,0.611400,success
0.200000,1.300000,0.371400,0.000000,0.200000,0.631400,success
0.200000,1.400000,0.371400,0.000000,0.200000,0.651400,success
0.200000,1.500000,0.371400,0.000000,0.200000,0.671400,success
0.200000,1.600000,0.371400,0.000000,0.200000,0.691400,success
0.200000,1.700000,0.371400,0.000000,0.200000,0.711400,success
0.200000,1.800000,0.371400,0.000000,0.200000,0.731400,success
0.200000,1.900000,0.371400,0.000000,0.200000,0.751400,success
0.200000,2.000000,0.371400,0.000000,0.200000,0.771400,success
0.300000,0.000000,0.000000,0.375000,1.000000,0.112500,success
0.300000,0.100000,0.000000,0.375000,1.000000,0.212500,success
0.300000,0.200000,0.000000,0.375000,1.000000,0.312500,success
0.300000,0.300000,0.142900,0.125000,0.600000,0.360400,success
0.300000,0.400000,0.142900,0.166700,0.600000,0.432910,success
0.300000,0.500000,0.371400,0.000000,0.200000,0.471400,success
0.300000,0.600000,0.371400,0.000000,0.200000,0.491400,success
0.300000,0.700000,0.371400,0.000000,0.200000,0.511400,success
0.300000,0.800000,0.371400,0.000000,0.200000,0.531400,success
0.300000,0.900000,0.371400,0.000000,0.200000,0.551400,success
0.300000,1.000000,0.371400,0.000000,0.200000,0.571400,success
0.300000,1.100000,0.371400,0.000000,0.200000,0.591400,success
0.300000,1.200000,0.371400,0.000000,0.200000,0.611400,success
0.300000,1.300000,0.371400,0.000000,0.200000,0.631400,success
0.300000,1.400000,0.371400,0.000000,0.200000,0.651400,success
0.300000,1.500000,0.371400,0.000000,0.200000,0.671400,success
0.300000,1.600000,0.371400,0.000000,0.200000,0.691400,success
0.300000,1.700000,0.371400,0.000000,0.200000,0.711400,success
0.300000,1.800000,0.371400,0.000000,0.200000,0.731400,success
0.300000,1.900000,0.371400,0.000000,0.200000,0.751400,success
0.300000,2.000000,0.371400,0.000000,0.200000,0.771400,success
0.400000,0.000000,0.000000,0.375000,1.000000,0.150000,success
0.400000,0.100000,0.000000,0.375000,1.000000,0.250000,success
0.400000,0.200000,0.142900,0.125000,0.600000,0.312900,success
0.400000,0.300000,0.142900,0.250000,0.600000,0.422900,success
0.400000,0.400000,0.371400,0.000000,0.200000,0.451400,success
0.400000,0.500000,0.371400,0.083300,0.200000,0.504720,success
0.400000,0.600000,0.371400,0.000000,0.200000,0.491400,success
0.400000,0.700000,0.371400,0.000000,0.200000,0.511400,success
0.400000,0.800000,0.371400,0.000000,0.200000,0.531400,success
0.400000,0.900000,0.371400,0.000000,0.200000,0.551400,success
0.400000,1.000000,0.371400,0.000000,0.200000,0.571400,success
0.400000,1.100000,0.371400,0.000000,0.200000,0.591400,success
0.400000,1.200000,0.371400,0.000000,0.200000,0.611400,success
0.400000,1.300000,0.371400,0.000000,0.200000,0.631400,success
0.400000,1.400000,0.371400,0.000000,0.200000,0.651400,success
0.400000,1.500000,0.371400,0.000000,0.200000,0.671400,success
0.400000,1.600000,0.371400,0.000000,0.200000,0.691400,success
0.400000,1.700000,0.371400,0.000000,0.200000,0.711400,success
0.400000,1.800000,0.371400,0.000000,0.200000,0.731400,success
0.400000,1.900000,0.371400,0.000000,0.200000,0.751400,success
0.400000,2.000000,0.371400,0.000000,0.200000,0.771400,success
0.500000,0.000000,0.000000,0.375000,1.000000,0.187500,success
0.500000,0.100000,0.000000,0.375000,1.000000,0.287500,success
0.500000,0.200000,0.142900,0.250000,0.600000,0.387900,success
0.500000,0.300000,0.142900,0.125000,0.600000,0.385400,success
0.500000,0.400000,0.371400,0.000000,0.200000,0.451400,success
0.500000,0.500000,0.371400,0.000000,0.200000,0.471400,success
0.500000,0.600000,0.371400,0.000000,0.200000,0.491400,success
0.500000,0.700000,0.371400,0.000000,0.200000,0.511400,success
0.500000,0.800000,0.371400,0.000000,0.200000,0.531400,success
0.500000,0.900000,0.371400,0.000000,0.200000,0.551400,success
0.500000,1.000000,0.371400,0.000000,0.200000,0.571400,success
0.500000,1.100000,0.371400,0.000000,0.200000,0.591400,success
0.500000,1.200000,0.371400,0.000000,0.200000,0.611400,success
0.500000,1.300000,0.371400,0.000000,0.200000,0.631400,success
0.500000,1.400000,0.371400,0.000000,0.200000,0.651400,success
0.500000,1.500000,0.371400,0.000000,0.200000,0.671400,success
0.500000,1.600000,0.371400,0.000000,0.200000,0.691400,success
0.500000,1.700000,0.371400,0.000000,0.200000,0.711400,success
0.500000,1.800000,0.371400,0.000000,0.200000,0.731400,success
0.500000,1.900000,0.371400,0.000000,0.200000,0.751400,success
0.500000,2.000000,0.371400,0.000000,0.200000,0.771400,success
0.600000,0.000000,0.000000,0.375000,1.000000,0.225000,success
0.600000,0.100000,0.228600,0.041700,0.600000,0.313620,success
0.600000,0.200000,0.228600,0.041700,0.600000,0.373620,success
0.600000,0.300000,0.371400,0.000000,0.200000,0.431400,success
0.600000,0.400000,0.371400,0.000000,0.200000,0.451400,success
0.600000,0.500000,0.371400,0.000000,0.200000,0.471400,success
0.600000,0.600000,0.371400,0.000000,0.200000,0.491400,success
0.600000,0.700000,0.371400,0.000000,0.200000,0.511400,success
0.600000,0.800000,0.371400,0.000000,0.200000,0.531400,success
0.600000,0.900000,0.371400,0.000000,0.200000,0.551400,success
0.600000,1.000000,0.400000,0.000000,0.200000,0.600000,success
0.600000,1.100000,0.371400,0.000000,0.200000,0.591400,success
0.600000,1.200000,0.371400,0.000000,0.200000,0.611400,success
0.600000,1.300000,0.371400,0.000000,0.200000,0.631400,success
0.600000,1.400000,0.371400,0.000000,0.200000,0.651400,success
0.600000,1.500000,0.371400,0.000000,0.200000,0.671400,success
0.600000,1.600000,0.371400,0.000000,0.200000,0.691400,success
0.600000,1.700000,0.371400,0.000000,0.200000,0.711400,success
0.600000,1.800000,0.371400,0.000000,0.200000,0.731400,success
0.600000,1.900000,0.371400,0.000000,0.200000,0.751400,success
0.600000,2.000000,0.371400,0.000000,0.200000,0.771400,success
0.700000,0.000000,0.228600,0.041700,0.600000,0.257790,success
0.700000,0.100000,0.228600,0.041700,0.600000,0.317790,success
0.700000,0.200000,0.228600,0.041700,0.600000,0.377790,success
0.700000,0.300000,0.371400,0.000000,0.200000,0.431400,success
0.700000,0.400000,0.371400,0.000000,0.200000,0.451400,success
0.700000,0.500000,0.371400,0.000000,0.200000,0.471400,success
0.700000,0.600000,0.371400,0.000000,0.200000,0.491400,success
0.700000,0.700000,0.371400,0.000000,0.200000,0.511400,success
0.700000,0.800000,0.371400,0.000000,0.200000,0.531400,success
0.700000,0.900000,0.371400,0.000000,0.200000,0.551400,success
0.700000,1.000000,0.371400,0.000000,0.200000,0.571400,success
0.700000,1.100000,0.371400,0.000000,0.200000,0.591400,success
0.700000,1.200000,0.371400,0.000000,0.200000,0.611400,success
0.700000,1.300000,0.371400,0.000000,0.200000,0.631400,success
0.700000,1.400000,0.400000,0.000000,0.200000,0.680000,success
0.700000,1.500000,0.371400,0.000000,0.200000,0.671400,success
0.700000,1.600000,0.371400,0.000000,0.200000,0.691400,success
0.700000,1.700000,0.371400,0.000000,0.200000,0.711400,success
0.700000,1.800000,0.371400,0.000000,0.200000,0.731400,success
0.700000,1.900000,0.371400,0.000000,0.200000,0.751400,success
0.700000,2.000000,0.371400,0.000000,0.200000,0.771400,success
0.800000,0.000000,0.228600,0.041700,0.600000,0.261960,success
0.800000,0.100000,0.228600,0.041700,0.600000,0.321960,success
0.800000,0.200000,0.257100,0.083300,0.600000,0.443740,success
0.800000,0.300000,0.371400,0.000000,0.200000,0.431400,success
0.800000,0.400000,0.371400,0.000000,0.200000,0.451400,success
0.800000,0.500000,0.371400,0.000000,0.200000,0.471400,success
0.800000,0.600000,0.371400,0.000000,0.200000,0.491400,success
0.800000,0.700000,0.371400,0.000000,0.200000,0.511400,success
0.800000,0.800000,0.371400,0.000000,0.200000,0.531400,success
0.800000,0.900000,0.371400,0.000000,0.200000,0.551400,success
0.800000,1.000000,0.371400,0.000000,0.200000,0.571400,success
0.800000,1.100000,0.371400,0.000000,0.200000,0.591400,success
0.800000,1.200000,0.371400,0.000000,0.200000,0.611400,success
0.800000,1.300000,0.371400,0.000000,0.200000,0.631400,success
0.800000,1.400000,0.371400,0.000000,0.200000,0.651400,success
0.800000,1.500000,0.371400,0.000000,0.200000,0.671400,success
0.800000,1.600000,0.371400,0.000000,0.200000,0.691400,success
0.800000,1.700000,0.371400,0.000000,0.200000,0.711400,success
0.800000,1.800000,0.371400,0.000000,0.200000,0.731400,success
0.800000,1.900000,0.371400,0.000000,0.200000,0.751400,success
0.800000,2.000000,0.371400,0.000000,0.200000,0.771400,success
0.900000,0.000000,0.228600,0.041700,0.600000,0.266130,success
0.900000,0.100000,0.228600,0.041700,0.600000,0.326130,success
0.900000,0.200000,0.371400,0.000000,0.200000,0.411400,success
0.900000,0.300000,0.371400,0.000000,0.200000,0.431400,success
0.900000,0.400000,0.371400,0.000000,0.200000,0.451400,success
0.900000,0.500000,0.371400,0.000000,0.200000,0.471400,success
0.900000,0.600000,0.371400,0.000000,0.200000,0.491400,success
0.900000,0.700000,0.371400,0.000000,0.200000,0.511400,success
0.900000,0.800000,0.371400,0.000000,0.200000,0.531400,success
0.900000,0.900000,0.371400,0.000000,0.200000,0.551400,success
0.900000,1.000000,0.371400,0.000000,0.200000,0.571400,success
0.900000,1.100000,0.371400,0.000000,0.200000,0.591400,success
0.900000,1.200000,0.371400,0.000000,0.200000,0.611400,success
0.900000,1.300000,0.371400,0.000000,0.200000,0.631400,success
0.900000,1.400000,0.371400,0.000000,0.200000,0.651400,success
0.900000,1.500000,0.371400,0.000000,0.200000,0.671400,success
0.900000,1.600000,0.371400,0.000000,0.200000,0.691400,success
0.900000,1.700000,0.371400,0.000000,0.200000,0.711400,success
0.900000,1.800000,0.371400,0.000000,0.200000,0.731400,success
0.900000,1.900000,0.371400,0.000000,0.200000,0.751400,success
0.900000,2.000000,0.371400,0.000000,0.200000,0.771400,success
1.000000,0.000000,0.228600,0.041700,0.600000,0.270300,success
1.000000,0.100000,0.228600,0.041700,0.600000,0.330300,success
1.000000,0.200000,0.228600,0.041700,0.600000,0.390300,success
1.000000,0.300000,0.371400,0.000000,0.200000,0.431400,success
1.000000,0.400000,0.371400,0.000000,0.200000,0.451400,success
1.000000,0.500000,0.371400,0.000000,0.200000,0.471400,success
1.000000,0.600000,0.371400,0.000000,0.200000,0.491400,success
1.000000,0.700000,0.371400,0.000000,0.200000,0.511400,success
1.000000,0.800000,0.371400,0.000000,0.200000,0.531400,success
1.000000,0.900000,0.371400,0.000000,0.200000,0.551400,success
1.000000,1.000000,0.371400,0.000000,0.200000,0.571400,success
1.000000,1.100000,0.371400,0.000000,0.200000,0.591400,success
1.000000,1.200000,0.371400,0.000000,0.200000,0.611400,success
1.000000,1.300000,0.371400,0.000000,0.200000,0.631400,success
1.000000,1.400000,0.371400,0.000000,0.200000,0.651400,success
1.000000,1.500000,0.371400,0.000000,0.200000,0.671400,success
1.000000,1.600000,0.371400,0.000000,0.200000,0.691400,success
1.000000,1.700000,0.371400,0.000000,0.200000,0.711400,success
1.000000,1.800000,0.371400,0.000000,0.200000,0.731400,success
1.000000,1.900000,0.371400,0.000000,0.200000,0.751400,success
1.000000,2.000000,0.371400,0.000000,0.200000,0.771400,success
1.100000,0.000000,0.228600,0.041700,0.600000,0.274470,success
1.100000,0.100000,0.228600,0.041700,0.600000,0.334470,success
1.100000,0.200000,0.257100,0.083300,0.600000,0.468730,success
1.100000,0.300000,0.371400,0.000000,0.200000,0.431400,success
1.100000,0.400000,0.371400,0.000000,0.200000,0.451400,success
1.100000,0.500000,0.371400,0.000000,0.200000,0.471400,success
1.100000,0.600000,0.371400,0.000000,0.200000,0.491400,success
1.100000,0.700000,0.371400,0.000000,0.200000,0.511400,success
1.100000,0.800000,0.371400,0.000000,0.200000,0.531400,success
1.100000,0.900000,0.371400,0.000000,0.200000,0.551400,success
1.100000,1.000000,0.371400,0.000000,0.200000,0.571400,success
1.100000,1.100000,0.371400,0.000000,0.200000,0.591400,success
1.100000,1.200000,0.371400,0.000000,0.200000,0.611400,success
1.100000,1.300000,0.371400,0.000000,0.200000,0.631400,success
1.100000,1.400000,0.371400,0.000000,0.200000,0.651400,success
1.100000,1.500000,0.371400,0.000000,0.200000,0.671400,success
1.100000,1.600000,0.371400,0.000000,0.200000,0.691400,success
1.100000,1.700000,0.371400,0.000000,0.200000,0.711400,success
1.100000,1.800000,0.371400,0.000000,0.200000,0.731400,success
1.100000,1.900000,0.371400,0.000000,0.200000,0.751400,success
1.100000,2.000000,0.371400,0.000000,0.200000,0.771400,success
1.200000,0.000000,0.228600,0.041700,0.600000,0.278640,success
1.200000,0.100000,0.228600,0.041700,0.600000,0.338640,success
1.200000,0.200000,0.371400,0.000000,0.200000,0.411400,success
1.200000,0.300000,0.371400,0.000000,0.200000,0.431400,success
1.200000,0.400000,0.371400,0.000000,0.200000,0.451400,success
1.200000,0.500000,0.371400,0.000000,0.200000,0.471400,success
1.200000,0.600000,0.371400,0.000000,0.200000,0.491400,success
1.200000,0.700000,0.371400,0.000000,0.200000,0.511400,success
1.200000,0.800000,0.371400,0.000000,0.200000,0.531400,success
1.200000,0.900000,0.371400,0.000000,0.200000,0.551400,success
1.200000,1.000000,0.371400,0.000000,0.200000,0.571400,success
1.200000,1.100000,0.371400,0.000000,0.200000,0.591400,success
1.200000,1.200000,0.371400,0.000000,0.200000,0.611400,success
1.200000,1.300000,0.371400,0.000000,0.200000,0.631400,success
1.200000,1.400000,0.371400,0.000000,0.200000,0.651400,success
1.200000,1.500000,0.371400,0.000000,0.200000,0.671400,success
1.200000,1.600000,0.371400,0.000000,0.200000,0.691400,success
1.200000,1.700000,0.371400,0.000000,0.200000,0.711400,success
1.200000,1.800000,0.371400,0.000000,0.200000,0.731400,success
1.200000,1.900000,0.371400,0.000000,0.200000,0.751400,success
1.200000,2.000000,0.371400,0.000000,0.200000,0.771400,success
1.300000,0.000000,0.228600,0.041700,0.600000,0.282810,success
1.300000,0.100000,0.371400,0.000000,0.200000,0.391400,success
1.300000,0.200000,0.371400,0.000000,0.200000,0.411400,success
1.300000,0.300000,0.371400,0.000000,0.200000,0.431400,success
1.300000,0.400000,0.371400,0.000000,0.200000,0.451400,success
1.300000,0.500000,0.371400,0.000000,0.200000,0.471400,success
1.300000,0.600000,0.371400,0.000000,0.200000,0.491400,success
1.300000,0.700000,0.371400,0.000000,0.200000,0.511400,success
1.300000,0.800000,0.371400,0.000000,0.200000,0.531400,success
1.300000,0.900000,0.371400,0.000000,0.200000,0.551400,success
1.300000,1.000000,0.371400,0.000000,0.200000,0.571400,success
1.300000,1.100000,0.371400,0.000000,0.200000,0.591400,success
1.300000,1.200000,0.371400,0.000000,0.200000,0.611400,success
1.300000,1.300000,0.371400,0.000000,0.200000,0.631400,success
1.300000,1.400000,0.371400,0.000000,0.200000,0.651400,success
1.300000,1.500000,0.371400,0.000000,0.200000,0.671400,success
1.300000,1.600000,0.371400,0.000000,0.200000,0.691400,success
1.300000,1.700000,0.371400,0.000000,0.200000,0.711400,success
1.300000,1.800000,0.371400,0.000000,0.200000,0.731400,success
1.300000,1.900000,0.371400,0.000000,0.200000,0.751400,success
1.300000,2.000000,0.371400,0.000000,0.200000,0.771400,success
1.400000,0.000000,0.228600,0.041700,0.600000,0.286980,success
1.400000,0.100000,0.371400,0.000000,0.200000,0.391400,success
1.400000,0.200000,0.371400,0.000000,0.200000,0.411400,success
1.400000,0.300000,0.371400,0.000000,0.200000,0.431400,success
1.400000,0.400000,0.371400,0.000000,0.200000,0.451400,success
1.400000,0.500000,0.371400,0.000000,0.200000,0.471400,success
1.400000,0.600000,0.371400,0.000000,0.200000,0.491400,success
1.400000,0.700000,0.371400,0.000000,0.200000,0.511400,success
1.400000,0.800000,0.371400,0.000000,0.200000,0.531400,success
1.400000,0.900000,0.371400,0.000000,0.200000,0.551400,success
1.400000,1.000000,0.371400,0.000000,0.200000,0.571400,success
1.400000,1.100000,0.371400,0.000000,0.200000,0.591400,success
1.400000,1.200000,0.371400,0.000000,0.200000,0.611400,success
1.400000,1.300000,0.371400,0.000000,0.200000,0.631400,success
1.400000,1.400000,0.371400,0.000000,0.200000,0.651400,success
1.400000,1.500000,0.371400,0.000000,0.200000,0.671400,success
1.400000,1.600000,0.371400,0.000000,0.200000,0.691400,success
1.400000,1.700000,0.371400,0.000000,0.200000,0.711400,success
1.400000,1.800000,0.371400,0.000000,0.200000,0.731400,success
1.400000,1.900000,0.371400,0.000000,0.200000,0.751400,success
1.400000,2.000000,0.371400,0.000000,0.200000,0.771400,success
1.500000,0.000000,0.228600,0.041700,0.600000,0.291150,success
1.500000,0.100000,0.371400,0.000000,0.200000,0.391400,success
1.500000,0.200000,0.371400,0.000000,0.200000,0.411400,success
1.500000,0.300000,0.371400,0.000000,0.200000,0.431400,success
1.500000,0.400000,0.371400,0.000000,0.200000,0.451400,success
1.500000,0.500000,0.371400,0.000000,0.200000,0.471400,success
1.500000,0.600000,0.371400,0.000000,0.200000,0.491400,success
1.500000,0.700000,0.371400,0.000000,0.200000,0.511400,success
1.500000,0.800000,0.371400,0.000000,0.200000,0.531400,success
1.500000,0.900000,0.371400,0.000000,0.200000,0.551400,success
1.500000,1.000000,0.371400,0.000000,0.200000,0.571400,success
1.500000,1.100000,0.371400,0.000000,0.200000,0.591400,success
1.500000,1.200000,0.371400,0.000000,0.200000,0.611400,success
1.500000,1.300000,0.371400,0.000000,0.200000,0.631400,success
1.500000,1.400000,0.371400,0.000000,0.200000,0.651400,success
1.500000,1.500000,0.371400,0.000000,0.200000,0.671400,success
1.500000,1.600000,0.371400,0.000000,0.200000,0.691400,success
1.500000,1.700000,0.371400,0.000000,0.200000,0.711400,success
1.500000,1.800000,0.371400,0.000000,0.200000,0.731400,success
1.500000,1.900000,0.371400,0.000000,0.200000,0.751400,success
1.500000,2.000000,0.371400,0.000000,0.200000,0.771400,success
1.600000,0.000000,0.228600,0.041700,0.600000,0.295320,success
1.600000,0.100000,0.371400,0.000000,0.200000,0.391400,success
1.600000,0.200000,0.371400,0.000000,0.200000,0.411400,success
1.600000,0.300000,0.371400,0.000000,0.200000,0.431400,success
1.600000,0.400000,0.371400,0.000000,0.200000,0.451400,success
1.600000,0.500000,0.371400,0.000000,0.200000,0.471400,success
1.600000,0.600000,0.371400,0.000000,0.200000,0.491400,success
1.600000,0.700000,0.371400,0.000000,0.200000,0.511400,success
1.600000,0.800000,0.371400,0.000000,0.200000,0.531400,success
1.600000,0.900000,0.371400,0.000000,0.200000,0.551400,success
1.600000,1.000000,0.371400,0.000000,0.200000,0.571400,success
1.600000,1.100000,0.371400,0.000000,0.200000,0.591400,success
1.600000,1.200000,0.371400,0.000000,0.200000,0.611400,success
1.600000,1.300000,0.371400,0.000000,0.200000,0.631400,success
1.600000,1.400000,0.371400,0.000000,0.200000,0.651400,success
1.600000,1.500000,0.371400,0.000000,0.200000,0.671400,success
1.600000,1.600000,0.371400,0.000000,0.200000,0.691400,success
1.600000,1.700000,0.371400,0.000000,0.200000,0.711400,success
1.600000,1.800000,0.371400,0.000000,0.200000,0.731400,success
1.600000,1.900000,0.371400,0.000000,0.200000,0.751400,success
1.600000,2.000000,0.371400,0.000000,0.200000,0.771400,success
1.700000,0.000000,0.228600,0.041700,0.600000,0.299490,success
1.700000,0.100000,0.371400,0.000000,0.200000,0.391400,success
1.700000,0.200000,0.371400,0.000000,0.200000,0.411400,success
1.700000,0.300000,0.371400,0.000000,0.200000,0.431400,success
1.700000,0.400000,0.371400,0.000000,0.200000,0.451400,success
1.700000,0.500000,0.371400,0.000000,0.200000,0.471400,success
1.700000,0.600000,0.371400,0.000000,0.200000,0.491400,success
1.700000,0.700000,0.371400,0.000000,0.200000,0.511400,success
1.700000,0.800000,0.371400,0.000000,0.200000,0.531400,success
1.700000,0.900000,0.371400,0.000000,0.200000,0.551400,success
1.700000,1.000000,0.371400,0.000000,0.200000,0.571400,success
1.700000,1.100000,0.371400,0.000000,0.200000,0.591400,success
1.700000,1.200000,0.371400,0.000000,0.200000,0.611400,success
1.700000,1.300000,0.371400,0.000000,0.200000,0.631400,success
1.700000,1.400000,0.371400,0.000000,0.200000,0.651400,success
1.700000,1.500000,0.371400,0.000000,0.200000,0.671400,success
1.700000,1.600000,0.371400,0.000000,0.200000,0.691400,success
1.700000,1.700000,0.371400,0.000000,0.200000,0.711400,success
1.700000,1.800000,0.371400,0.000000,0.200000,0.731400,success
1.700000,1.900000,0.371400,0.000000,0.200000,0.751400,success
1.700000,2.000000,0.371400,0.000000,0.200000,0.771400,success
1.800000,0.000000,0.371400,0.000000,0.200000,0.371400,success
1.800000,0.100000,0.228600,0.041700,0.600000,0.363660,success
1.800000,0.200000,0.371400,0.000000,0.200000,0.411400,success
1.800000,0.300000,0.371400,0.000000,0.200000,0.431400,success
1.800000,0.400000,0.371400,0.000000,0.200000,0.451400,success
1.800000,0.500000,0.371400,0.000000,0.200000,0.471400,success
1.800000,0.600000,0.371400,0.000000,0.200000,0.491400,success
1.800000,0.700000,0.371400,0.000000,0.200000,0.511400,success
1.800000,0.800000,0.371400,0.000000,0.200000,0.531400,success
1.800000,0.900000,0.371400,0.000000,0.200000,0.551400,success
1.800000,1.000000,0.371400,0.000000,0.200000,0.571400,success
1.800000,1.100000,0.371400,0.000000,0.200000,0.591400,success
1.800000,1.200000,0.371400,0.000000,0.200000,0.611400,success
1.800000,1.300000,0.371400,0.000000,0.200000,0.631400,success
1.800000,1.400000,0.371400,0.000000,0.200000,0.651400,success
1.800000,1.500000,0.371400,0.000000,0.200000,0.671400,success
1.800000,1.600000,0.371400,0.000000,0.200000,0.691400,success
1.800000,1.700000,0.371400,0.000000,0.200000,0.711400,success
1.800000,1.800000,0.371400,0.000000,0.200000,0.731400,success
1.800000,1.900000,0.371400,0.000000,0.200000,0.751400,success
1.800000,2.000000,0.371400,0.000000,0.200000,0.771400,success
1.900000,0.000000,0.371400,0.000000,0.200000,0.371400,success
1.900000,0.100000,0.371400,0.000000,0.200000,0.391400,success
1.900000,0.200000,0.371400,0.000000,0.200000,0.411400,success
1.900000,0.300000,0.371400,0.000000,0.200000,0.431400,success
1.900000,0.400000,0.371400,0.000000,0.200000,0.451400,success
1.900000,0.500000,0.371400,0.000000,0.200000,0.471400,success
1.900000,0.600000,0.371400,0.000000,0.200000,0.491400,success
1.900000,0.700000,0.371400,0.000000,0.200000,0.511400,success
1.900000,0.800000,0.371400,0.000000,0.200000,0.531400,success
1.900000,0.900000,0.371400,0.000000,0.200000,0.551400,success
1.900000,1.000000,0.371400,0.000000,0.200000,0.571400,success
1.900000,1.100000,0.371400,0.000000,0.200000,0.591400,success
1.900000,1.200000,0.371400,0.000000,0.200000,0.611400,success
1.900000,1.300000,0.371400,0.000000,0.200000,0.631400,success
1.900000,1.400000,0.371400,0.000000,0.200000,0.651400,success
1.900000,1.500000,0.371400,0.000000,0.200000,0.671400,success
1.900000,1.600000,0.371400,0.000000,0.200000,0.691400,success
1.900000,1.700000,0.371400,0.000000,0.200000,0.711400,success
1.900000,1.800000,0.371400,0.000000,0.200000,0.731400,success
1.900000,1.900000,0.371400,0.000000,0.200000,0.751400,success
1.900000,2.000000,0.371400,0.000000,0.200000,0.771400,success
2.000000,0.000000,0.371400,0.000000,0.200000,0.371400,success
2.000000,0.100000,0.371400,0.000000,0.200000,0.391400,success
2.000000,0.200000,0.371400,0.000000,0.200000,0.411400,success
2.000000,0.300000,0.371400,0.000000,0.200000,0.431400,success
2.000000,0.400000,0.371400,0.000000,0.200000,0.451400,success
2.000000,0.500000,0.371400,0.000000,0.200000,0.471400,success
2.000000,0.600000,0.371400,0.000000,0.200000,0.491400,success
2.000000,0.700000,0.371400,0.000000,0.200000,0.511400,success
2.000000,0.800000,0.371400,0.000000,0.200000,0.531400,success
2.000000,0.900000,0.371400,0.000000,0.200000,0.551400,success
2.000000,1.000000,0.371400,0.000000,0.200000,0.571400,success
2.000000,1.100000,0.371400,0.000000,0.200000,0.591400,success
2.000000,1.200000,0.371400,0.000000,0.200000,0.611400,success
2.000000,1.300000,0.371400,0.000000,0.200000,0.631400,success
2.000000,1.400000,0.371400,0.000000,0.200000,0.651400,success
2.000000,1.500000,0.371400,0.000000,0.200000,0.671400,success
2.000000,1.600000,0.371400,0.000000,0.200000,0.691400,success
2.000000,1.700000,0.371400,0.000000,0.200000,0.711400,success
2.000000,1.800000,0.371400,0.000000,0.200000,0.731400,success
2.000000,1.900000,0.371400,0.000000,0.200000,0.751400,success
2.000000,2.000000,0.371400,0.000000,0.200000,0.771400,success
